                  epoch,         train/box_loss,         train/cls_loss,         train/dfl_loss,   metrics/precision(B),      metrics/recall(B),       metrics/mAP50(B),    metrics/mAP50-95(B),           val/box_loss,           val/cls_loss,           val/dfl_loss,                 lr/pg0,                 lr/pg1,                 lr/pg2
                      1,                0.67152,                 1.0795,                0.96414,                 0.9603,                0.95329,                0.98485,                0.87822,                0.47552,                0.39096,                0.84232,              0.0033325,              0.0033325,              0.0033325
                      2,                  0.681,                 0.5656,                0.96871,                0.97765,                0.97499,                0.99128,                0.89906,                0.45883,                0.30867,                0.84299,              0.0065339,              0.0065339,              0.0065339
                      3,                0.71946,                0.54342,                0.99476,                0.97582,                0.97888,                0.99101,                 0.9039,                0.45369,                0.29379,                0.84318,              0.0096032,              0.0096032,              0.0096032
                      4,                0.70684,                0.51259,                0.99244,                0.98122,                0.98332,                0.99274,                0.91895,                0.42197,                0.25175,                0.83146,               0.009406,               0.009406,               0.009406
                      5,                0.65759,                0.45523,                0.97196,                 0.9833,                 0.9869,                0.99294,                0.93055,                0.39308,                0.22468,                0.81876,               0.009208,               0.009208,               0.009208
                      6,                0.62784,                0.42317,                0.95913,                0.98393,                0.98725,                 0.9931,                0.93622,                0.37475,                0.20992,                0.81464,                0.00901,                0.00901,                0.00901
                      7,                0.61297,                 0.4046,                0.95368,                0.98454,                0.98964,                0.99349,                0.94072,                0.36587,                0.19925,                0.81129,               0.008812,               0.008812,               0.008812
                      8,                0.59547,                0.38888,                0.94628,                0.98571,                0.99031,                0.99314,                0.94555,                0.35601,                0.19016,                0.80793,               0.008614,               0.008614,               0.008614
                      9,                0.58411,                0.37659,                0.94137,                 0.9865,                0.99013,                 0.9933,                0.94899,                0.34912,                0.18528,                0.80521,               0.008416,               0.008416,               0.008416
                     10,                0.57551,                0.36938,                0.93694,                0.98671,                0.99148,                0.99351,                0.95069,                0.34379,                0.17993,                0.80333,               0.008218,               0.008218,               0.008218
                     11,                0.56889,                0.36112,                0.93484,                0.98712,                0.99175,                 0.9935,                0.95231,                0.33938,                0.17585,                0.80157,                0.00802,                0.00802,                0.00802
                     12,                0.56087,                0.35612,                0.93124,                0.98715,                0.99129,                0.99341,                0.95342,                 0.3363,                0.17314,                0.80067,               0.007822,               0.007822,               0.007822
                     13,                0.55242,                0.34825,                0.92798,                0.98764,                0.99154,                0.99342,                0.95445,                0.33377,                0.17125,                 0.8001,               0.007624,               0.007624,               0.007624
                     14,                0.54583,                0.34243,                0.92393,                  0.988,                0.99177,                0.99347,                0.95511,                0.33189,                 0.1694,                0.79926,               0.007426,               0.007426,               0.007426
                     15,                0.54322,                0.34034,                0.92414,                0.98819,                0.99167,                0.99351,                0.95558,                 0.3304,                0.16789,                 0.7987,               0.007228,               0.007228,               0.007228
                     16,                0.53824,                0.33601,                0.92249,                 0.9882,                0.99182,                0.99361,                0.95599,                0.32874,                0.16678,                0.79815,                0.00703,                0.00703,                0.00703
                     17,                0.53252,                0.33084,                0.91817,                0.98787,                  0.992,                0.99363,                0.95683,                0.32739,                0.16555,                0.79774,               0.006832,               0.006832,               0.006832
                     18,                0.53152,                0.32818,                0.91924,                0.98758,                0.99204,                 0.9936,                0.95714,                 0.3259,                 0.1645,                0.79718,               0.006634,               0.006634,               0.006634
                     19,                  0.526,                0.32375,                0.91764,                0.98783,                0.99212,                0.99358,                0.95751,                0.32464,                0.16364,                0.79673,               0.006436,               0.006436,               0.006436
                     20,                0.52304,                0.32093,                0.91736,                0.98819,                0.99202,                0.99365,                0.95815,                 0.3235,                 0.1629,                0.79633,               0.006238,               0.006238,               0.006238
                     21,                0.51676,                0.31765,                 0.9144,                0.98829,                0.99216,                0.99361,                 0.9585,                 0.3223,                0.16191,                0.79597,                0.00604,                0.00604,                0.00604
                     22,                0.51716,                0.31562,                 0.9148,                0.98843,                0.99246,                0.99358,                0.95861,                0.32113,                0.16122,                0.79553,               0.005842,               0.005842,               0.005842
                     23,                0.51097,                0.31192,                0.91057,                0.98881,                0.99224,                0.99362,                0.95913,                0.32013,                0.16038,                0.79513,               0.005644,               0.005644,               0.005644
                     24,                 0.5083,                0.30951,                0.91042,                0.98908,                0.99245,                 0.9936,                0.95938,                0.31902,                0.15929,                0.79482,               0.005446,               0.005446,               0.005446
                     25,                0.50533,                0.30684,                0.90889,                0.98926,                0.99258,                0.99366,                0.95983,                0.31775,                0.15835,                0.79446,               0.005248,               0.005248,               0.005248
                     26,                0.50235,                0.30285,                0.90799,                0.98934,                0.99268,                0.99369,                0.96002,                0.31642,                0.15761,                 0.7941,                0.00505,                0.00505,                0.00505
                     27,                 0.4977,                0.29965,                0.90526,                0.98963,                0.99241,                0.99368,                0.96023,                0.31519,                0.15684,                0.79364,               0.004852,               0.004852,               0.004852
                     28,                 0.4953,                0.29689,                0.90565,                0.98948,                0.99242,                0.99369,                0.96079,                0.31398,                0.15575,                0.79326,               0.004654,               0.004654,               0.004654
                     29,                0.49221,                0.29475,                0.90341,                0.98972,                0.99271,                0.99372,                0.96111,                0.31286,                  0.155,                0.79295,               0.004456,               0.004456,               0.004456
                     30,                 0.4895,                0.29313,                0.90326,                0.98946,                0.99292,                0.99374,                 0.9614,                0.31174,                0.15412,                0.79259,               0.004258,               0.004258,               0.004258
                     31,                0.48554,                0.28865,                0.90296,                0.98959,                0.99294,                0.99373,                0.96186,                0.31069,                0.15319,                0.79226,                0.00406,                0.00406,                0.00406
                     32,                0.48108,                 0.2878,                0.90138,                0.98954,                0.99291,                0.99375,                0.96225,                0.30971,                0.15252,                0.79199,               0.003862,               0.003862,               0.003862
                     33,                0.47884,                0.28275,                0.90016,                0.98981,                0.99289,                0.99376,                0.96256,                0.30873,                0.15185,                0.79172,               0.003664,               0.003664,               0.003664
                     34,                0.47673,                0.28107,                0.89771,                 0.9895,                0.99308,                0.99377,                0.96292,                0.30779,                  0.151,                 0.7914,               0.003466,               0.003466,               0.003466
                     35,                0.47022,                0.27745,                0.89519,                 0.9902,                0.99244,                0.99383,                0.96327,                0.30678,                0.15044,                0.79104,               0.003268,               0.003268,               0.003268
                     36,                0.46862,                0.27576,                0.89519,                0.99019,                 0.9924,                0.99386,                0.96347,                0.30578,                0.14999,                0.79063,                0.00307,                0.00307,                0.00307
                     37,                0.46514,                0.27252,                0.89404,                0.98988,                0.99276,                0.99387,                0.96389,                0.30497,                0.14946,                0.79027,               0.002872,               0.002872,               0.002872
                     38,                0.46021,                0.26961,                 0.8915,                0.99006,                0.99284,                0.99382,                0.96437,                0.30404,                0.14872,                0.78993,               0.002674,               0.002674,               0.002674
                     39,                0.45456,                0.26434,                 0.8911,                0.98955,                0.99328,                0.99385,                 0.9645,                0.30314,                0.14811,                0.78963,               0.002476,               0.002476,               0.002476
                     40,                0.45387,                0.26225,                0.89102,                0.98986,                0.99301,                0.99388,                 0.9648,                0.30235,                0.14746,                0.78939,               0.002278,               0.002278,               0.002278
                     41,                0.36211,                0.20019,                0.82297,                0.99019,                0.99323,                0.99387,                0.96524,                0.30152,                0.14656,                 0.7892,                0.00208,                0.00208,                0.00208
                     42,                0.35534,                 0.1965,                0.82252,                0.99011,                0.99336,                0.99392,                0.96549,                0.30074,                0.14592,                0.78912,               0.001882,               0.001882,               0.001882
                     43,                0.34902,                0.19014,                0.81968,                0.98942,                0.99408,                0.99392,                0.96592,                0.29993,                0.14512,                0.78887,               0.001684,               0.001684,               0.001684
                     44,                0.34511,                0.18708,                0.81852,                0.98963,                 0.9943,                0.99388,                0.96591,                0.29901,                0.14431,                0.78867,               0.001486,               0.001486,               0.001486
                     45,                0.33911,                0.18165,                0.81551,                0.98938,                 0.9947,                0.99393,                0.96624,                0.29814,                0.14361,                0.78842,               0.001288,               0.001288,               0.001288
                     46,                 0.3337,                0.17803,                0.81314,                0.98963,                0.99461,                0.99392,                0.96635,                0.29711,                0.14292,                0.78807,                0.00109,                0.00109,                0.00109
                     47,                0.32824,                0.17344,                0.81196,                0.98985,                0.99463,                0.99395,                0.96677,                0.29614,                0.14243,                0.78775,               0.000892,               0.000892,               0.000892
                     48,                0.32309,                0.16834,                0.81043,                0.98968,                0.99491,                0.99396,                0.96717,                0.29521,                0.14193,                0.78739,               0.000694,               0.000694,               0.000694
                     49,                0.31827,                 0.1649,                0.80904,                0.98973,                0.99487,                0.99395,                0.96724,                0.29436,                 0.1413,                0.78698,               0.000496,               0.000496,               0.000496
                     50,                0.31259,                0.15945,                0.80744,                0.98954,                 0.9952,                0.99406,                0.96759,                0.29357,                0.14079,                0.78664,               0.000298,               0.000298,               0.000298
